track,group,trials_scored,SoG_ToM_Core,RC_strong,FB_strong,PT_strong,evidence_support_rate,perspective_leakage_rate,forbidden_evidence_usage_rate,death_skill_overclaim_rate,json_parse_success,schema_validation_success
structured,global_to_perspective,142,0.3133802816901408,,0.49295774647887325,,0.823943661971831,0.176056338028169,0.176056338028169,0.0,1.0,0.9436619718309859
structured,oracle_truth_revealed,276,0.24800724637681162,0.0,,,0.9927536231884058,0.0036231884057971015,0.0036231884057971015,0.018115942028985508,0.9963768115942029,0.4855072463768116
structured,public_history_only,134,0.25,,0.0,,1.0,0.0,0.0,0.0,1.0,0.0
structured,speaker_perspective,61,0.2983606557377049,,,0.2459016393442623,1.0,0.0,0.0,0.01639344262295082,1.0,0.2459016393442623
structured,target_available_events,276,0.2456521739130435,,,,0.9565217391304348,0.0,0.0,0.0,1.0,0.4855072463768116
raw_video_smoke,global_to_perspective,12,0.2,,0.0,,0.75,0.25,0.25,0.0,1.0,1.0
raw_video_smoke,oracle_truth_revealed,12,0.25,0.0,,,1.0,0.0,0.0,0.0,1.0,1.0
raw_video_smoke,speaker_perspective,12,0.25,,,0.0,1.0,0.0,0.0,0.0,1.0,0.0
raw_video_smoke,target_available_events,12,0.21666666666666667,,,,0.6666666666666666,0.0,0.0,0.0,1.0,1.0