track,group,trials_scored,SoG_ToM_Core,RC_strong,FB_strong,PT_strong,evidence_support_rate,perspective_leakage_rate,forbidden_evidence_usage_rate,death_skill_overclaim_rate,json_parse_success,schema_validation_success
structured,A_pre_reveal_belief,276,0.2456521739130435,,,,0.9565217391304348,0.0,0.0,0.0,1.0,0.4855072463768116
structured,B_post_reveal_reconstruct_previous_belief,276,0.24800724637681162,0.0,,,0.9927536231884058,0.0036231884057971015,0.0036231884057971015,0.018115942028985508,0.9963768115942029,0.4855072463768116
structured,C_other_agent_false_belief,276,0.2826086956521739,,0.2536231884057971,,0.9094202898550725,0.09057971014492754,0.09057971014492754,0.0,1.0,0.4855072463768116
structured,D_perspective_taking_prediction,61,0.2983606557377049,,,0.2459016393442623,1.0,0.0,0.0,0.01639344262295082,1.0,0.2459016393442623
raw_video_smoke,A_pre_reveal_belief,12,0.21666666666666667,,,,0.6666666666666666,0.0,0.0,0.0,1.0,1.0
raw_video_smoke,B_post_reveal_reconstruct_previous_belief,12,0.25,0.0,,,1.0,0.0,0.0,0.0,1.0,1.0
raw_video_smoke,C_other_agent_false_belief,12,0.2,,0.0,,0.75,0.25,0.25,0.0,1.0,1.0
raw_video_smoke,D_perspective_taking_prediction,12,0.25,,,0.0,1.0,0.0,0.0,0.0,1.0,0.0